AreaPlantada,pHdoSolo,TemperaturadoSolo
59.19682362577693,6.788787827721941,26.013939869948885
58.84513674582372,6.069760417983982,26.44276343528396
